Sentiero_n,codice sentiero,ID_Palo,Località,Sogg_Manutentore,Sogg_finanziatore,gruppo_Montuoso,Comune,Regione,Provincia,Quota,Latitudine_N,Longitudine_E,Note,Mappa,Materiale,Stato_Conservazione,Data_Rilievo,Rilevatore,Nome_File_Foto,Esistente /progetto,Lat Dec,Long dec
021,LARE021,021/01,Passo di Viamaggio,CAI Sansepolcro,,Alpe della Luna,Pieve Santo Stefano,Toscana,AR,985,43°40'995,12°06'935,,,Legno,cattivo,feb 2026,Maggini,,Ripristino,"43,68325","12,11558333"
804,LARE804,804/7,Montecasale,CAI Sansepolcro,,Alpe della Luna,Sansepolcro,Toscana,AR,750,43°35'294,12°11'094,,,Legno,buono,,,,Esistente,"43,58823333","12,1849"
00,,00/01,Passo Bocca Trabaria,CAI Sansepolcro / Città di Castello,,Alpe della Luna,San Giustino,Umbria,PG,1048,43°35'710,12°14'123,,,Legno,,,,,Esistente,"43,59516667","12,23538333"
00,,00/01A,Poggio del Romito,CAI Sansepolcro,,Alpe della Luna,San Giustino,Umbria ,PG,1200,43°35'638,12°13'506,,,Legno,Buono,,,,Esistente,"43,59396667","12,2251"
00,,00/01B,Tre Termini,CAI Sansepolcro,,Alpe della Luna,Sansepolcro,Toscana,AR,1173,43°36'697,12°12'805,,,Legno,,,,,Esistente,"43,61161667","12,21341667"
00,,00/02,Sbocco del Bucine,CAI Sansepolcro,,Alpe della Luna,Sansepolcro,Toscana,AR,1232,43°38'690,12°11'022,,,Legno,,,,,Esistente,"43,64483333","12,1837"
00,,00/03,Monte Maggiore,CAI Sansepolcro,,Alpe della Luna,Sansepolcro,Toscana,AR,1384,43°38'973,12°10'575,,,Legno,,,,,Esistente,"43,64955","12,17625"
00,,00/04,Innesto 808-00,CAI Sansepolcro,,Alpe della Luna,Sansepolcro,Toscana,AR,1453,43°38'996,12°10'541,,,Legno,,,,,Esistente,"43,64993333","12,17568333"
00,,00/05,Monte dei Frati,CAI Sansepolcro,,Alpe della Luna,Pieve Santo Stefano,Toscana,AR,1454,43°39'515,12°09'878,,,Legno,,,,,Esistente,"43,65858333","12,16463333"
00,,00/06,Monte dei Frati,CAI Sansepolcro,,Alpe della Luna,Pieve Santo Stefano,Toscana,AR,1453,43°39'536,12°09'851,,,Legno,,,,,Esistente,"43,65893333","12,16418333"
00,,00/07,il Bruciato Monte dei Frati,CAI Sansepolcro,,Alpe della Luna,Pieve Santo Stefano,Toscana,AR,1396,43°39'740,12°09'688,,,Legno,,,,,Esistente,"43,66233333","12,16146667"
00,,00/08,Monte dei Frati bivio sent 808A-00,CAI Sansepolcro,,Alpe della Luna,Pieve Santo Stefano,Toscana,AR,1411,43°39'731,12°09'651,,,Legno,,,,,Esistente,"43,66218333","12,16085"
806,LARE806,00/09,Spinella,CAI Sansepolcro,,Alpe della Luna,Sansepolcro,Toscana,AR,995,43°38'369,12°09'701,,,Legno,,,,,Esistente,"43,63948333","12,16168333"
808 806,LARE 808 LARE 806,00/10,Monte Cucco Strada Vicinale Germagnano Pian delle Capanne,CAI Sansepolcro,,Alpe della Luna,Sansepolcro,Toscana,AR,1025,43°38'752,12°09'367,,,Legno,,,,,Esistente,"43,64586667","12,15611667"
808 808A,LARE808 LARE808A,00/11,Pian delle Capanne Fosso,CAI Sansepolcro,,Alpe della Luna,Pieve Santo Stefano,Toscana,AR,1028,43°39'067,12°09'076,,,Legno,,,,,Esistente,"43,65111667","12,15126667"
808B,LARE808B,00/12,Pian delle Capanne,CAI Sansepolcro,,Alpe della Luna,Pieve Santo stefano,Toscana,AR,1028,43°39'080,12°09'022,,,Legno,,,,,Esistente,"43,65133333","12,15036667"
00,,00/13,Col del Peglio,CAI Sansepolcro,,Alpe della Luna,Pieve Santo Stefano,Toscana,AR,1047,43°39'779,12°08'730,,,Legno,,,,,Esistente,"43,66298333","12,1455"
00,,00/14,Passo dello Spugnolo,CAI Sansepolcro,,Alpe della Luna,Pieve Santo Stefano,,AR,1010,43°40'323,12°08'312,,,Legno,,,,,Esistente,"43,67205","12,13853333"
00,,00/15,Bivio Monte Verde,CAI Sansepolcro,,Alpe della Luna,Pieve Santo Stefano,Toscana,AR,1146,43°40'352,12°07'975,,,Legno,,,,,Esistente,"43,67253333","12,13291667"
00,,00/16,Passo di Viamaggio,CAI Sansepolcro,,Alpe della Luna,Pieve Santo Stefano,Toscana,AR,983,43°40'921,12°06'997,,,Legno,,,,,Esistente,"43,68201667","12,11661667"
021/00,LARE021,00/17,Passo di Viamggio,CAI Sansepolcro,,Alpe della Luna,pieve Santo Stefano,Toscana,AR,983,43°40'995,12°06'935,,,Legno,,,,,Esistente,"43,68325","12,11558333"
021,LARE021,00/18,incrocio strada comunale Viamaggio-Pieve-strada Camerelle,CAI Sansepolcro,,Alpe Della Luna,Pieve Santo Stefano,Toscana,Ar,856,43°40' 974,12°06'668,,,,,,,,Esistente,"43,6829","12,11113333"
021,LARE021,021/02,Poggio Delle Calbane,CAI Sansepolcro,,Alpe Della Luna,Pieve Santo Stefano,Toscana,AR,800,43°40'456,12°05'038,,,legno,,,,,Esistente,"43,67426667","12,08396667"
021,LARE021,021/03,Strazzano,CAI Sansepolcro,,Alpe Della Luna,Pieve Santo Stefano,Toscana,Ar,771,43°40'589,12°04'156,,,legno,,,,,Esistente,"43,67648333","12,06926667"
021,LARE021,021/04,Pieve Santo Stefano,CAI Sansepolcro,,Alpe Della Luna,Pieve Santo Stefano,Toscana,Ar,771,43°40'279,12°02'544,,,legno,,,,,Esistente,"43,67131667","12,0424"
808,LARE8080,808/01,Sansepolcro,CAI Sansepolcro,,Alpe della Luna,Sansepolcro,Toscana,AR,340,"43,574047","12,136180",Freccia da sostituire,,legno,buono,,,,Ripristino,"43,574047","12,13618"
018A,LARE018A,018A/02,Piccini,CAI Sansepolcro,,Alpe della Luna,Sansepolcro,Toscana,AR,330,"43,568044","12,123064",,,,frecce da sostituire,2026,Daveri,,Ripristino,"43,568044","12,123064"
018A,LARE018A,018A/1,Porta del Ponte,CAI Sansepolcro,,,Sansepolcro,Toscana,AR,340,"43,569008","12,138696",,,,,,,,Esistente,"43,569008","12,138696"
00,,00/25,Viamaggio  innesto 803,CAI Sansepolcro,,,Pieve Santo Stefano,Toscana,AR,1030,"43,687782","12,114186",Installato 2025,,Alluminio,ottimo,,,,Esistente,"43,687782","12,114186"
00,,00/26,Passo di Frassineto,CAI Sansepolcro,,,Pieve Santo Stefano,Toscana,AR,920,"43,697697","12,096360",Installazione 2025,,Alluminio,Ottimo,,,,Esistente,"43,697697","12,09636"
00,,00/27,Valdazze,CAI Sansepolcro,,Alpe della Luna,Pieve Santo Stefano,Toscana,AR,960,"43,712080","12,087294",Aggiornata 2025,,Legno,Ottimo,,,,Esistente,"43,71208","12,087294"
00,,00/27bis,Monte della Zucca,CAI Sansepolcro,,Alpe della Luna,Pieve Santo Stefano,Toscana,AR,1258,"43,726886","12,087278",Installato 2025,,Legno,Ottimo,,,,Esistente,"43,726886","12,087278"
00,,00/28,Passo delle Rocche,CAI Sansepolcro,,Alpe della Luna,Pieve Santo Stefano,Toscana,AR,1100,"43,735507","12,075562",Da installare,,Alluminio,Ottimo,,,,in Progetto,"43,735507","12,075562"
018A,LARE018A,018/03,Piccini,CAI Sansepolcro,,Alpe della Luna,Sansepolcro,Toscana,AR,320,"43,566753","12,121578",,,Legno,Ottimo,,Maggini,,in Ripristino,"43,566753","12,121578"